{
  "accuracy": 0.90013,
  "f1_macro": 0.9136115496203178
}