baseline,accuracy,f1_macro
A,0.52489,0.35390984942698306
B,0.63034,0.6236015493206195
C,0.58765,0.5621136645214532
