{
  "accuracy": 0.52489,
  "f1_macro": 0.35390984942698306,
  "report": "              precision    recall  f1-score   support\n\n           0       0.61      0.01      0.02     47695\n           1       0.52      0.99      0.69     52305\n\n    accuracy                           0.52    100000\n   macro avg       0.57      0.50      0.35    100000\nweighted avg       0.56      0.52      0.37    100000\n"
}