{
  "accuracy": 0.63034,
  "f1_macro": 0.6236015493206195
}